tid,epoch,method,path,class,http_code,time_total
1,1790188455,GET,/,benigne,200,0.010
2,1790188455,GET,/assets/main.css,benigne,200,0.007
3,1790188456,GET,/assets/app.js,benigne,200,0.006
4,1790188456,GET,/favicon.ico,benigne,200,0.006
5,1790188456,GET,/api/v1/search,benigne,200,0.011
6,1790188457,GET,/api/v1/search,benigne,200,0.011
7,1790188457,GET,/api/v1/search,benigne,200,0.011
8,1790188457,GET,/api/v1/search,benigne,200,0.009
9,1790188458,GET,/api/v1/search,benigne,200,0.009
10,1790188458,GET,/api/v1/search,benigne,200,0.008
11,1790188458,GET,/api/v1/search,benigne,200,0.008
12,1790188459,GET,/api/v1/search,benigne,200,0.007
13,1790188459,GET,/api/v1/search,benigne,200,0.007
14,1790188459,GET,/api/v1/search,benigne,200,0.007
15,1790188459,GET,/api/v1/search,benigne,200,0.007
16,1790188460,GET,/api/v1/search,benigne,200,0.008
17,1790188460,GET,/api/v1/search,benigne,200,0.007
18,1790188460,GET,/api/v1/search,benigne,200,0.007
19,1790188461,GET,/api/v1/search,benigne,200,0.008
20,1790188461,GET,/api/v1/search,benigne,200,0.008
21,1790188461,GET,/api/v1/search,benigne,200,0.007
22,1790188462,GET,/api/v1/search,benigne,200,0.007
23,1790188462,GET,/api/v1/search,benigne,200,0.007
24,1790188462,GET,/api/v1/search,benigne,200,0.008
25,1790188463,GET,/api/v1/search,benigne,200,0.007
26,1790188463,GET,/api/v1/search,benigne,200,0.007
27,1790188463,GET,/api/v1/search,benigne,200,0.007
28,1790188463,GET,/api/v1/search,benigne,200,0.007
29,1790188464,GET,/api/v1/search,benigne,200,0.007
30,1790188464,GET,/api/v1/search,benigne,200,0.007
31,1790188464,GET,/api/v1/search,benigne,200,0.007
32,1790188465,GET,/api/v1/search,benigne,200,0.007
33,1790188465,GET,/api/v1/search,benigne,200,0.007
34,1790188465,GET,/api/v1/search,benigne,200,0.006
35,1790188466,GET,/api/v1/search,benigne,200,0.007
36,1790188466,GET,/api/v1/search,benigne,200,0.007
37,1790188466,GET,/api/v1/search,benigne,200,0.007
38,1790188467,GET,/api/v1/search,benigne,200,0.007
39,1790188467,GET,/api/v1/search,benigne,200,0.007
40,1790188467,GET,/api/v1/search,benigne,200,0.018
41,1790188467,GET,/api/v1/search,benigne,200,0.008
42,1790188468,GET,/api/v1/search,benigne,200,0.007
43,1790188468,GET,/api/v1/search,benigne,200,0.007
44,1790188468,POST,/api/v1/session,benigne,200,0.008
45,1790188469,POST,/api/v1/session,benigne,200,0.007
46,1790188469,POST,/api/v1/session,benigne,200,0.007
47,1790188469,POST,/api/v1/session,benigne,200,0.009
48,1790188470,POST,/api/v1/session,benigne,200,0.008
49,1790188470,POST,/api/v1/session,benigne,200,0.008
50,1790188470,POST,/api/v1/session,benigne,200,0.009
51,1790188471,POST,/api/v1/session,benigne,200,0.007
52,1790188471,POST,/api/v1/session,benigne,200,0.007
53,1790188471,POST,/api/v1/session,benigne,200,0.007
54,1790188471,POST,/api/v1/session,benigne,401,0.007
55,1790188472,POST,/api/v1/session,benigne,401,0.007
56,1790188472,GET,/api/v1/search,sospette,500,0.007
57,1790188472,GET,/api/v1/search,sospette,500,0.008
58,1790188473,GET,/api/v1/search,sospette,500,0.007
59,1790188473,GET,/api/v1/search,sospette,500,0.008
60,1790188473,GET,/api/v1/search,sospette,500,0.008
61,1790188474,GET,/api/v1/search,sospette,200,0.008
62,1790188474,GET,/api/v1/search,sospette,200,0.007
63,1790188474,GET,/api/v1/search,sospette,200,0.007
64,1790188475,GET,/api/v1/search,sospette,200,0.007
65,1790188475,GET,/api/v1/search,sospette,200,0.008
66,1790188475,GET,/api/v1/search,sospette,200,0.007
67,1790188475,GET,/api/v1/search,sospette,200,0.008
68,1790188476,GET,/api/v1/search,sospette,200,0.007
69,1790188476,GET,/api/v1/search,sospette,200,0.007
70,1790188476,GET,/api/v1/search,sospette,200,0.007
71,1790188477,GET,/api/v1/search,sospette,200,0.006
72,1790188477,GET,/api/v1/search,sospette,200,0.007
73,1790188477,GET,/api/v1/search,sospette,200,0.007
74,1790188478,GET,/api/v1/search,sospette,200,0.007
75,1790188478,GET,/api/v1/search,sospette,200,0.007
76,1790188478,GET,/api/v1/search,sospette,200,0.007
77,1790188479,GET,/api/v1/search,sospette,200,0.007
78,1790188479,GET,/api/v1/search,sospette,200,0.007
79,1790188479,GET,/api/v1/search,sospette,200,0.007
80,1790188479,GET,/api/v1/search,sospette,200,0.007
81,1790188480,POST,/api/v1/session,sospette,401,0.007
82,1790188480,POST,/api/v1/session,sospette,401,0.007
83,1790188480,POST,/api/v1/session,sospette,401,0.007
84,1790188481,POST,/api/v1/session,sospette,500,0.007
85,1790188481,GET,/api/v1/search,sqli_probe,500,0.006
86,1790188481,GET,/api/v1/search,sqli_probe,200,0.007
87,1790188482,GET,/api/v1/search,sqli_probe,200,0.007
88,1790188482,GET,/api/v1/search,sqli_probe,200,0.007
89,1790188482,GET,/api/v1/search,sqli_probe,200,0.007
90,1790188482,GET,/api/v1/search,sqli_probe,200,0.007
91,1790188483,POST,/api/v1/session,sqli_probe,500,0.006
92,1790188483,POST,/api/v1/session,sqli_probe,401,0.007
93,1790188483,POST,/api/v1/session,sqli_logic,200,0.007
94,1790188484,POST,/api/v1/session,sqli_logic,200,0.008
95,1790188484,POST,/api/v1/session,sqli_logic,200,0.007
96,1790188484,POST,/api/v1/session,sqli_logic,200,0.007
97,1790188485,POST,/api/v1/session,sqli_logic,200,0.007
98,1790188485,GET,/api/v1/search,sqli_union,200,0.010
99,1790188485,POST,/api/v1/session,sqli_union,500,0.007
100,1790188486,GET,/api/v1/search,sqli_union,200,0.007
101,1790188486,POST,/api/v1/session,sqli_union,500,0.007
102,1790188486,GET,/api/v1/search,sqli_union,200,0.007
103,1790188486,GET,/api/v1/search,sqli_union,200,0.007
104,1790188487,GET,/api/v1/search,sqli_blind,200,0.007
105,1790188487,GET,/api/v1/search,sqli_blind,200,0.007
106,1790188487,GET,/api/v1/search,sqli_blind,200,0.008
107,1790188488,GET,/api/v1/search,sqli_blind,200,0.008
108,1790188488,GET,/api/v1/search,sqli_blind,200,0.010
109,1790188488,POST,/api/v1/session,sqli_blind,200,0.008
110,1790188491,GET,/api/v1/search,sqli_time,200,2.007
111,1790188493,GET,/api/v1/search,sqli_time,200,2.007
112,1790188495,POST,/api/v1/session,sqli_time,401,2.007
113,1790188499,GET,/api/v1/search,sqli_time,200,3.007
114,1790188499,GET,/api/v1/search,sqli_obfuscated,200,0.007
115,1790188499,GET,/api/v1/search,sqli_obfuscated,200,0.007
116,1790188499,GET,/api/v1/search,sqli_obfuscated,200,0.008
117,1790188500,GET,/api/v1/search,sqli_obfuscated,200,0.009
118,1790188500,GET,/api/v1/search,sqli_obfuscated,200,0.008
119,1790188500,GET,/api/v1/search,sqli_obfuscated,200,0.007
120,1790188501,GET,/api/v1/search,sqli_obfuscated,200,0.008
121,1790188501,GET,/api/v1/search,sqli_obfuscated,200,0.007
122,1790188501,POST,/api/v1/session,sqli_obfuscated,200,0.007
123,1790188502,POST,/api/v1/session,sqli_obfuscated,500,0.007
124,1790188504,GET,/api/v1/search,sqli_obfuscated,200,2.007
125,1790188504,GET,/api/v1/search,sqli_obfuscated,200,0.007
